{
  "products": [
    {
      "id": "1",
      "name": "Mountain 1",
      "img": "https://43metvuongcaphe.com/wp-content/uploads/2022/12/Latte.jpg",
      "size": "S",
      "price": 10000,
      "categoriesSize": 11
    },
    {
      "id": "2",
      "name": "Mountain 2",
      "img": "https://43metvuongcaphe.com/wp-content/uploads/2022/12/Ca-Phe-Muoi.jpg",
      "size": "M",
      "price": 20000,
      "categoriesSize": 22
    },
    {
      "id": "4",
      "name": "Beach 1",
      "img": "https://43metvuongcaphe.com/wp-content/uploads/2022/04/PhinDi-Matcha-1.jpg",
      "size": "L",
      "price": 40000,
      "categoriesSize": 33
    },
    {
      "id": "5",
      "name": "Beach 2",
      "img": "https://43metvuongcaphe.com/wp-content/uploads/2022/12/Tra-Sua-Kem-Trung-Dua-Nuong.jpg",
      "size": "S",
      "price": 50000,
      "categoriesSize": 22
    },
    {
      "id": "6",
      "name": "Beach 2",
      "img": "https://43metvuongcaphe.com/wp-content/uploads/2021/12/Ca-Phe-Kem-Trung-1.jpg",
      "size": "S",
      "price": 50000,
      "categoriesSize": 33
    },
    {
      "id": "7",
      "name": "Beach 2",
      "img": "https://43metvuongcaphe.com/wp-content/uploads/2021/08/Ca-Phe-Muoi-Chai-1.jpg",
      "size": "S",
      "price": 50000,
      "categoriesSize": 33
    },
    {
      "id": "8",
      "name": "Beach 2",
      "img": "https://43metvuongcaphe.com/wp-content/uploads/2022/12/Ca-Phe-Sua-Sai-Gon-.jpg",
      "size": "S",
      "price": 50000,
      "categoriesSize": 11
    },
    {
      "id": "9",
      "name": "Beach 2",
      "img": "https://43metvuongcaphe.com/wp-content/uploads/2022/12/Sua-Tuoi-Tran-Chau-Duong-Den.jpg",
      "size": "s",
      "price": 50000,
      "categoriesSize": 22
    }
  ],
  "categoriesSize": [
    {
      "id": "11",
      "size": "S"
    },
    {
      "id": "22",
      "size": "M"
    },
    {
      "id": "33",
      "size": "L"
    }
  ],
  "checkout": [
    [
      {
        "id": "4",
        "name": "Beach 1",
        "img": "https://i.pinimg.com/564x/04/0c/3a/040c3a3e3e12e8334d24dbf28bf1eb24.jpg",
        "size": "l",
        "price": 40000,
        "categoriesSize": 33,
        "quantity": 2
      },
      {
        "id": "2",
        "name": "Mountain 2",
        "img": "https://i.pinimg.com/564x/58/38/01/583801009346acb8aa9e1e1101bad53a.jpg",
        "size": "m",
        "price": 20000,
        "categoriesSize": 22,
        "quantity": 1
      }
    ],
    [
      {
        "id": "2",
        "name": "Mountain 2",
        "img": "https://i.pinimg.com/564x/58/38/01/583801009346acb8aa9e1e1101bad53a.jpg",
        "size": "m",
        "price": 20000,
        "categoriesSize": 22,
        "quantity": 1
      }
    ],
    {
      "0": {
        "id": "2",
        "name": "Mountain 2",
        "img": "https://i.pinimg.com/564x/58/38/01/583801009346acb8aa9e1e1101bad53a.jpg",
        "size": "m",
        "price": 20000,
        "categoriesSize": 22,
        "quantity": 1
      },
      "1": {
        "id": "1",
        "name": "Mountain 1",
        "img": "https://i.pinimg.com/564x/b6/b2/ba/b6b2ba8f84339e32e131a8e9c1868a85.jpg",
        "size": "s",
        "price": 10000,
        "categoriesSize": 11,
        "quantity": 1
      },
      "2": {
        "id": "4",
        "name": "Beach 1",
        "img": "https://i.pinimg.com/564x/04/0c/3a/040c3a3e3e12e8334d24dbf28bf1eb24.jpg",
        "size": "l",
        "price": 40000,
        "categoriesSize": 33,
        "quantity": 1
      },
      "3": {
        "id": "5",
        "name": "Beach 2",
        "img": "https://i.pinimg.com/736x/e9/a6/9b/e9a69b322c3fdec10b5448e4616095d3.jpg",
        "size": "s",
        "price": 50000,
        "categoriesSize": 44,
        "quantity": 2
      },
      "id": "cc30"
    },
    {
      "0": {
        "id": "2",
        "name": "Mountain 2",
        "img": "https://i.pinimg.com/564x/58/38/01/583801009346acb8aa9e1e1101bad53a.jpg",
        "size": "m",
        "price": 20000,
        "categoriesSize": 22,
        "quantity": 1
      },
      "1": {
        "id": "4",
        "name": "Beach 1",
        "img": "https://i.pinimg.com/564x/04/0c/3a/040c3a3e3e12e8334d24dbf28bf1eb24.jpg",
        "size": "l",
        "price": 40000,
        "categoriesSize": 33,
        "quantity": 3
      },
      "2": {
        "id": "1",
        "name": "Mountain 1",
        "img": "https://i.pinimg.com/564x/b6/b2/ba/b6b2ba8f84339e32e131a8e9c1868a85.jpg",
        "size": "s",
        "price": 10000,
        "categoriesSize": 11,
        "quantity": 1
      },
      "id": "30af"
    },
    {
      "0": {
        "id": "1",
        "name": "Mountain 1",
        "img": "https://i.pinimg.com/564x/b6/b2/ba/b6b2ba8f84339e32e131a8e9c1868a85.jpg",
        "size": "s",
        "price": 10000,
        "categoriesSize": 11,
        "quantity": 1
      },
      "1": {
        "id": "2",
        "name": "Mountain 2",
        "img": "https://i.pinimg.com/564x/58/38/01/583801009346acb8aa9e1e1101bad53a.jpg",
        "size": "m",
        "price": 20000,
        "categoriesSize": 22,
        "quantity": 3
      },
      "id": "0564"
    },
    {
      "0": {
        "id": "5",
        "name": "Beach 2",
        "img": "https://i.pinimg.com/736x/77/91/ba/7791ba608415ee7418ba6133a9ce034a.jpg",
        "size": "s",
        "price": 50000,
        "categoriesSize": 44,
        "quantity": 1
      },
      "1": {
        "id": "9",
        "name": "Beach 2",
        "img": "https://i.pinimg.com/564x/f7/9e/19/f79e194865c521dc510b531b76a4e4aa.jpg",
        "size": "s",
        "price": 50000,
        "categoriesSize": 44,
        "quantity": 1
      },
      "2": {
        "id": "4",
        "name": "Beach 1",
        "img": "https://i.pinimg.com/564x/04/0c/3a/040c3a3e3e12e8334d24dbf28bf1eb24.jpg",
        "size": "l",
        "price": 40000,
        "categoriesSize": 33,
        "quantity": 1
      },
      "id": "39af"
    },
    {
      "0": {
        "id": "1",
        "name": "Mountain 1",
        "img": "https://i.pinimg.com/564x/b6/b2/ba/b6b2ba8f84339e32e131a8e9c1868a85.jpg",
        "size": "s",
        "price": 10000,
        "categoriesSize": 11,
        "quantity": 2
      },
      "1": {
        "id": "2",
        "name": "Mountain 2",
        "img": "https://i.pinimg.com/564x/58/38/01/583801009346acb8aa9e1e1101bad53a.jpg",
        "size": "m",
        "price": 20000,
        "categoriesSize": 22,
        "quantity": 1
      },
      "id": "5655"
    },
    {
      "0": {
        "id": "1",
        "name": "Mountain 1",
        "img": "https://i.pinimg.com/564x/b6/b2/ba/b6b2ba8f84339e32e131a8e9c1868a85.jpg",
        "size": "s",
        "price": 10000,
        "categoriesSize": 11,
        "quantity": 1
      },
      "1": {
        "id": "2",
        "name": "Mountain 2",
        "img": "https://i.pinimg.com/564x/58/38/01/583801009346acb8aa9e1e1101bad53a.jpg",
        "size": "m",
        "price": 20000,
        "categoriesSize": 22,
        "quantity": 1
      },
      "2": {
        "id": "4",
        "name": "Beach 1",
        "img": "https://i.pinimg.com/564x/04/0c/3a/040c3a3e3e12e8334d24dbf28bf1eb24.jpg",
        "size": "l",
        "price": 40000,
        "categoriesSize": 33,
        "quantity": 1
      },
      "3": {
        "id": "5",
        "name": "Beach 2",
        "img": "https://i.pinimg.com/736x/e9/a6/9b/e9a69b322c3fdec10b5448e4616095d3.jpg",
        "size": "s",
        "price": 50000,
        "categoriesSize": 44,
        "quantity": 1
      },
      "4": {
        "id": "6",
        "name": "Beach 2",
        "img": "https://i.pinimg.com/736x/77/91/ba/7791ba608415ee7418ba6133a9ce034a.jpg",
        "size": "s",
        "price": 50000,
        "categoriesSize": 44,
        "quantity": 1
      },
      "id": "c5f1"
    },
    {
      "0": {
        "id": "1",
        "name": "Mountain 1",
        "img": "https://i.pinimg.com/564x/b6/b2/ba/b6b2ba8f84339e32e131a8e9c1868a85.jpg",
        "size": "s",
        "price": 10000,
        "categoriesSize": 11,
        "quantity": 5
      },
      "1": {
        "id": "2",
        "name": "Mountain 2",
        "img": "https://i.pinimg.com/564x/58/38/01/583801009346acb8aa9e1e1101bad53a.jpg",
        "size": "m",
        "price": 20000,
        "categoriesSize": 22,
        "quantity": 1
      },
      "2": {
        "id": "4",
        "name": "Beach 1",
        "img": "https://i.pinimg.com/564x/04/0c/3a/040c3a3e3e12e8334d24dbf28bf1eb24.jpg",
        "size": "l",
        "price": 40000,
        "categoriesSize": 33,
        "quantity": 1
      },
      "3": {
        "id": "5",
        "name": "Beach 2",
        "img": "https://i.pinimg.com/736x/e9/a6/9b/e9a69b322c3fdec10b5448e4616095d3.jpg",
        "size": "s",
        "price": 50000,
        "categoriesSize": 44,
        "quantity": 1
      },
      "4": {
        "id": "6",
        "name": "Beach 2",
        "img": "https://i.pinimg.com/736x/77/91/ba/7791ba608415ee7418ba6133a9ce034a.jpg",
        "size": "s",
        "price": 50000,
        "categoriesSize": 44,
        "quantity": 1
      },
      "id": "066a"
    },
    {
      "0": {
        "id": "2",
        "name": "Mountain 2",
        "img": "https://i.pinimg.com/564x/58/38/01/583801009346acb8aa9e1e1101bad53a.jpg",
        "size": "m",
        "price": 20000,
        "categoriesSize": 22,
        "quantity": 1
      },
      "1": {
        "id": "1",
        "name": "Mountain 1",
        "img": "https://i.pinimg.com/564x/b6/b2/ba/b6b2ba8f84339e32e131a8e9c1868a85.jpg",
        "size": "s",
        "price": 10000,
        "categoriesSize": 11,
        "quantity": 1
      },
      "id": "23bd"
    },
    {
      "0": {
        "id": "1",
        "name": "Mountain 1",
        "img": "https://i.pinimg.com/564x/b6/b2/ba/b6b2ba8f84339e32e131a8e9c1868a85.jpg",
        "size": "s",
        "price": 10000,
        "categoriesSize": 11,
        "quantity": 2
      },
      "id": "8699"
    },
    {
      "0": {
        "id": "1",
        "name": "Mountain 1",
        "img": "https://43metvuongcaphe.com/wp-content/uploads/2022/12/Latte.jpg",
        "size": "S",
        "price": 10000,
        "categoriesSize": 11,
        "quantity": 1
      },
      "id": "e82d"
    }
  ]
}